Date,USDJPY
2017-01-02,116.79499816894531
2017-01-03,117.49500274658203
2017-01-04,117.65899658203125
2017-01-05,117.11299896240234
2017-01-06,115.26499938964844
2017-01-09,117.1500015258789
2017-01-10,115.98500061035156
2017-01-11,115.87200164794922
2017-01-12,115.0979995727539
2017-01-13,114.66400146484375
2017-01-16,114.22699737548828
2017-01-17,114.1520004272461
2017-01-18,112.87799835205078
2017-01-19,114.76200103759766
2017-01-20,114.9800033569336
2017-01-23,113.80999755859375
2017-01-24,112.77999877929688
2017-01-25,113.83999633789062
2017-01-26,113.29299926757812
2017-01-27,114.45500183105469
2017-01-30,114.66799926757812
2017-01-31,113.6500015258789
2017-02-01,112.74299621582031
2017-02-02,113.31099700927734
2017-02-03,112.78900146484375
2017-02-06,112.63899993896484
2017-02-07,111.8270034790039
2017-02-08,112.38700103759766
2017-02-09,111.9520034790039
2017-02-10,113.43399810791016
2017-02-13,113.91400146484375
2017-02-14,113.70500183105469
2017-02-15,114.3010025024414
2017-02-16,114.11199951171875
2017-02-17,113.30500030517578
2017-02-20,112.91100311279297
2017-02-21,113.27999877929688
2017-02-22,113.66899871826172
2017-02-23,113.41699981689453
2017-02-24,112.68199920654297
2017-02-27,112.18800354003906
2017-02-28,112.74500274658203
2017-03-01,113.0770034790039
2017-03-02,114.12100219726562
2017-03-03,114.34200286865234
2017-03-06,113.84700012207031
2017-03-07,113.91699981689453
2017-03-08,113.9260025024414
2017-03-09,114.41100311279297
2017-03-10,115.14900207519531
2017-03-13,114.73200225830078
2017-03-14,114.91500091552734
2017-03-15,114.65899658203125
2017-03-16,113.4020004272461
2017-03-17,113.33999633789062
2017-03-20,112.67400360107422
2017-03-21,112.572998046875
2017-03-22,111.53199768066406
2017-03-23,111.36900329589844
2017-03-24,111.00399780273438
2017-03-27,110.552001953125
2017-03-28,110.77100372314453
2017-03-29,111.22599792480469
2017-03-30,111.15399932861328
2017-03-31,111.7760009765625
2017-04-03,111.26499938964844
2017-04-04,110.70899963378906
2017-04-05,110.85399627685547
2017-04-06,110.38099670410156
2017-04-07,110.89700317382812
2017-04-10,111.2249984741211
2017-04-11,110.71700286865234
2017-04-12,109.58699798583984
2017-04-13,108.9020004272461
2017-04-14,109.10099792480469
2017-04-17,108.322998046875
2017-04-18,109.11199951171875
2017-04-19,108.53500366210938
2017-04-20,108.83399963378906
2017-04-21,109.375
2017-04-24,109.97799682617188
2017-04-25,109.64099884033203
2017-04-26,111.0459976196289
2017-04-27,111.19100189208984
2017-04-28,111.22599792480469
2017-05-01,111.302001953125
2017-05-02,111.81199645996094
2017-05-03,111.96900177001953
2017-05-04,112.78299713134766
2017-05-05,112.53700256347656
2017-05-08,112.68399810791016
2017-05-09,113.2300033569336
2017-05-10,113.697998046875
2017-05-11,114.3280029296875
2017-05-12,113.80899810791016
2017-05-15,113.27100372314453
2017-05-16,113.64199829101562
2017-05-17,112.64600372314453
2017-05-18,111.1259994506836
2017-05-19,111.4010009765625
2017-05-22,111.28399658203125
2017-05-23,110.89099884033203
2017-05-24,111.95700073242188
2017-05-25,111.52400207519531
2017-05-26,111.7300033569336
2017-05-29,111.25599670410156
2017-05-30,111.17400360107422
2017-05-31,110.83899688720703
2017-06-01,110.7959976196289
2017-06-02,111.43699645996094
2017-06-05,110.46299743652344
2017-06-06,110.38099670410156
2017-06-07,109.50900268554688
2017-06-08,109.9000015258789
2017-06-09,109.85900115966797
2017-06-12,110.28800201416016
2017-06-13,109.9209976196289
2017-06-14,110.05500030517578
2017-06-15,109.44599914550781
2017-06-16,110.9520034790039
2017-06-19,110.9540023803711
2017-06-20,111.6729965209961
2017-06-21,111.33399963378906
2017-06-22,111.30999755859375
2017-06-23,111.29000091552734
2017-06-26,111.23899841308594
2017-06-27,111.85800170898438
2017-06-28,112.18800354003906
2017-06-29,112.35399627685547
2017-06-30,112.00900268554688
2017-07-03,112.26200103759766
2017-07-04,113.38600158691406
2017-07-05,112.96199798583984
2017-07-06,113.18699645996094
2017-07-07,113.14900207519531
2017-07-10,113.98500061035156
2017-07-12,113.74800109863281
2017-07-13,113.33499908447266
2017-07-14,113.41799926757812
2017-07-17,112.39700317382812
2017-07-18,112.58100128173828
2017-07-19,111.99500274658203
2017-07-20,111.87699890136719
2017-07-21,111.88500213623047
2017-07-24,110.94499969482422
2017-07-25,111.23200225830078
2017-07-26,112.00299835205078
2017-07-27,111.12799835205078
2017-07-28,111.09700012207031
2017-07-31,110.51000213623047
2017-08-01,110.35900115966797
2017-08-02,110.43199920654297
2017-08-03,110.75700378417969
2017-08-04,109.9000015258789
2017-08-07,110.78600311279297
2017-08-08,110.75
2017-08-09,110.10199737548828
2017-08-10,110.04900360107422
2017-08-11,109.10600280761719
2017-08-14,109.2300033569336
2017-08-15,109.93199920654297
2017-08-16,110.59600067138672
2017-08-17,109.9990005493164
2017-08-18,109.3280029296875
2017-08-21,109.31999969482422
2017-08-22,108.94400024414062
2017-08-23,109.73100280761719
2017-08-24,108.91000366210938
2017-08-25,109.51399993896484
2017-08-28,109.34600067138672
2017-08-29,108.73699951171875
2017-08-30,109.79000091552734
2017-08-31,110.45999908447266
2017-09-01,110.12899780273438
2017-09-04,109.79499816894531
2017-09-05,109.80999755859375
2017-09-06,108.60199737548828
2017-09-07,109.13400268554688
2017-09-08,108.2699966430664
2017-09-11,108.23100280761719
2017-09-12,109.3949966430664
2017-09-13,110.22599792480469
2017-09-14,110.51499938964844
2017-09-15,109.91899871826172
2017-09-18,111.1969985961914
2017-09-19,111.49600219726562
2017-09-20,111.5780029296875
2017-09-21,112.5459976196289
2017-09-22,112.4520034790039
2017-09-25,112.44400024414062
2017-09-26,111.76100158691406
2017-09-27,112.37699890136719
2017-09-28,112.86000061035156
2017-09-29,112.46700286865234
2017-10-02,112.63800048828125
2017-10-03,112.7699966430664
2017-10-04,112.8479995727539
2017-10-05,112.822998046875
2017-10-06,112.77400207519531
2017-10-09,112.5510025024414
2017-10-10,112.65799713134766
2017-10-11,112.34500122070312
2017-10-12,112.43399810791016
2017-10-13,112.23899841308594
2017-10-16,111.88200378417969
2017-10-17,112.19499969482422
2017-10-18,112.21299743652344
2017-10-19,113.01300048828125
2017-10-20,112.68000030517578
2017-10-23,114.0479965209961
2017-10-24,113.33999633789062
2017-10-25,113.94599914550781
2017-10-26,113.55799865722656
2017-10-27,114.1240005493164
2017-10-30,113.73899841308594
2017-10-31,112.99600219726562
2017-11-01,113.6500015258789
2017-11-02,114.1520004272461
2017-11-03,114.01599884033203
2017-11-06,114.1780014038086
2017-11-07,113.77100372314453
2017-11-08,113.76100158691406
2017-11-09,113.927001953125
2017-11-10,113.375
2017-11-13,113.68599700927734
2017-11-14,113.58499908447266
2017-11-15,113.4020004272461
2017-11-17,113.02799987792969
2017-11-20,112.03800201416016
2017-11-21,112.5510025024414
2017-11-22,112.34100341796875
2017-11-23,111.31300354003906
2017-11-24,111.25399780273438
2017-11-27,111.6709976196289
2017-11-28,111.16999816894531
2017-11-29,111.64800262451172
2017-11-30,112.00199890136719
2017-12-01,112.55599975585938
2017-12-04,112.86399841308594
2017-12-05,112.4990005493164
2017-12-06,112.46399688720703
2017-12-07,112.29100036621094
2017-12-08,113.1729965209961
2017-12-11,113.54299926757812
2017-12-12,113.54000091552734
2017-12-13,113.54499816894531
2017-12-14,112.78199768066406
2017-12-15,112.39600372314453
2017-12-18,112.71600341796875
2017-12-19,112.56800079345703
2017-12-20,112.98300170898438
2017-12-21,113.24099731445312
2017-12-22,113.322998046875
2017-12-25,113.30799865722656
2017-12-26,113.3030014038086
2017-12-27,113.2030029296875
2017-12-28,113.21700286865234
2017-12-29,112.875
2018-01-01,112.66600036621094
2018-01-02,112.7699966430664
2018-01-03,112.24400329589844
2018-01-04,112.60700225830078
2018-01-05,112.78299713134766
2018-01-08,113.15399932861328
2018-01-09,113.14099884033203
2018-01-10,112.75499725341797
2018-01-11,111.44400024414062
2018-01-12,111.29399871826172
2018-01-15,111.0999984741211
2018-01-16,110.58100128173828
2018-01-17,110.38800048828125
2018-01-18,111.3759994506836
2018-01-19,111.0260009765625
2018-01-22,110.68399810791016
2018-01-23,110.96600341796875
2018-01-24,110.10700225830078
2018-01-25,109.32599639892578
2018-01-26,109.7040023803711
2018-01-29,108.63899993896484
2018-01-30,108.9260025024414
2018-01-31,108.73200225830078
2018-02-01,109.20099639892578
2018-02-02,109.40599822998047
2018-02-05,110.03500366210938
2018-02-06,109.09500122070312
2018-02-07,109.62699890136719
2018-02-08,109.19599914550781
2018-02-09,108.52899932861328
2018-02-12,108.80000305175781
2018-02-13,108.69000244140625
2018-02-14,107.76399993896484
2018-02-15,106.58699798583984
2018-02-16,106.11100006103516
2018-02-19,106.26100158691406
2018-02-20,106.70899963378906
2018-02-21,107.38099670410156
2018-02-22,107.55500030517578
2018-02-23,106.81400299072266
2018-02-26,107.0739974975586
2018-02-27,107.06900024414062
2018-02-28,107.4260025024414
2018-03-01,106.63999938964844
2018-03-02,106.16300201416016
2018-03-05,105.55599975585938
2018-03-06,106.25
2018-03-07,105.53700256347656
2018-03-08,106.18599700927734
2018-03-09,106.40599822998047
2018-03-12,106.89099884033203
2018-03-13,106.26000213623047
2018-03-14,106.50800323486328
2018-03-15,106.15499877929688
2018-03-16,106.30899810791016
2018-03-19,105.96900177001953
2018-03-20,105.99600219726562
2018-03-21,106.46900177001953
2018-03-22,105.92900085449219
2018-03-23,104.96800231933594
2018-03-26,104.85900115966797
2018-03-27,105.5
2018-03-28,105.49299621582031
2018-03-29,106.81199645996094
2018-03-30,106.47899627685547
2018-04-02,106.31199645996094
2018-04-03,105.79900360107422
2018-04-04,106.43599700927734
2018-04-05,106.77400207519531
2018-04-06,107.052001953125
2018-04-09,106.96800231933594
2018-04-10,106.7490005493164
2018-04-11,107.11299896240234
2018-04-12,106.8290023803711
2018-04-13,107.22200012207031
2018-04-16,107.49800109863281
2018-04-17,107.0459976196289
2018-04-18,107.01599884033203
2018-04-19,107.34600067138672
2018-04-20,107.43199920654297
2018-04-23,107.86900329589844
2018-04-24,108.76100158691406
2018-04-25,108.8030014038086
2018-04-26,109.36399841308594
2018-04-27,109.30000305175781
2018-04-30,109.0979995727539
2018-05-01,109.322998046875
2018-05-02,109.87200164794922
2018-05-03,109.8270034790039
2018-05-04,109.09600067138672
2018-05-07,109.14600372314453
2018-05-08,108.94300079345703
2018-05-09,109.02400207519531
2018-05-10,109.84700012207031
2018-05-11,109.43599700927734
2018-05-14,109.33799743652344
2018-05-15,109.73100280761719
2018-05-16,110.2969970703125
2018-05-17,110.35900115966797
2018-05-18,110.8280029296875
2018-05-21,110.87999725341797
2018-05-22,110.97799682617188
2018-05-23,110.72599792480469
2018-05-24,109.86900329589844
2018-05-25,109.31199645996094
2018-05-28,109.62300109863281
2018-05-29,109.38899993896484
2018-05-30,108.39399719238281
2018-05-31,108.71199798583984
2018-06-01,108.7490005493164
2018-06-04,109.5979995727539
2018-06-05,109.96299743652344
2018-06-06,109.85900115966797
2018-06-07,110.125
2018-06-08,109.69400024414062
2018-06-11,109.44300079345703
2018-06-12,110.38600158691406
2018-06-13,110.4520034790039
2018-06-14,110.24199676513672
2018-06-15,110.6449966430664
2018-06-18,110.61699676513672
2018-06-19,110.13800048828125
2018-06-20,110.07099914550781
2018-06-21,110.35199737548828
2018-06-22,109.9520034790039
2018-06-25,109.93699645996094
2018-06-26,109.64299774169922
2018-06-27,110.09700012207031
2018-06-28,110.21499633789062
2018-06-29,110.48600006103516
2018-07-02,110.70999908447266
2018-07-03,110.87100219726562
2018-07-04,110.40799713134766
2018-07-05,110.50199890136719
2018-07-06,110.5790023803711
2018-07-09,110.4219970703125
2018-07-10,110.9530029296875
2018-07-11,110.83100128173828
2018-07-12,111.95800018310547
2018-07-13,112.66500091552734
2018-07-16,112.39900207519531
2018-07-17,112.3740005493164
2018-07-18,113.01200103759766
2018-07-19,112.79100036621094
2018-07-20,112.36299896240234
2018-07-23,111.0530014038086
2018-07-24,111.45999908447266
2018-07-25,111.24099731445312
2018-07-26,110.84500122070312
2018-07-27,111.14600372314453
2018-07-30,110.93399810791016
2018-07-31,110.99400329589844
2018-08-01,111.80799865722656
2018-08-02,111.62000274658203
2018-08-03,111.69000244140625
2018-08-06,111.23400115966797
2018-08-07,111.33999633789062
2018-08-08,111.34500122070312
2018-08-09,110.89199829101562
2018-08-10,111.09100341796875
2018-08-13,110.62899780273438
2018-08-14,110.66100311279297
2018-08-15,111.24600219726562
2018-08-16,110.57599639892578
2018-08-17,111.00399780273438
2018-08-20,110.4749984741211
2018-08-21,109.947998046875
2018-08-22,110.13400268554688
2018-08-23,110.58799743652344
2018-08-24,111.36699676513672
2018-08-27,111.28199768066406
2018-08-28,111.13700103759766
2018-08-29,111.16200256347656
2018-08-30,111.71199798583984
2018-08-31,110.9990005493164
2018-09-03,111.14399719238281
2018-09-04,111.08799743652344
2018-09-05,111.46099853515625
2018-09-06,111.4489974975586
2018-09-07,110.49500274658203
2018-09-10,110.91999816894531
2018-09-11,111.14800262451172
2018-09-12,111.60700225830078
2018-09-13,111.22000122070312
2018-09-14,112.01200103759766
2018-09-17,111.9530029296875
2018-09-18,111.69000244140625
2018-09-19,112.2770004272461
2018-09-20,112.31700134277344
2018-09-21,112.49500274658203
2018-09-24,112.52400207519531
2018-09-25,112.78600311279297
2018-09-26,112.96900177001953
2018-09-27,112.7040023803711
2018-09-28,113.35700225830078
2018-10-01,113.7959976196289
2018-10-02,113.94599914550781
2018-10-03,113.5770034790039
2018-10-04,114.48600006103516
2018-10-05,113.89399719238281
2018-10-08,113.71499633789062
2018-10-09,113.09700012207031
2018-10-10,112.99800109863281
2018-10-11,112.09200286865234
2018-10-12,112.08000183105469
2018-10-15,112.19200134277344
2018-10-16,111.84100341796875
2018-10-17,112.34200286865234
2018-10-18,112.62799835205078
2018-10-19,112.18499755859375
2018-10-22,112.4800033569336
2018-10-23,112.75700378417969
2018-10-24,112.44400024414062
2018-10-25,112.01200103759766
2018-10-26,112.3499984741211
2018-10-29,111.90799713134766
2018-10-30,112.3239974975586
2018-10-31,113.052001953125
2018-11-01,112.85099792480469
2018-11-02,112.71499633789062
2018-11-05,113.13899993896484
2018-11-06,113.24600219726562
2018-11-07,113.36299896240234
2018-11-08,113.5469970703125
2018-11-09,113.9530029296875
2018-11-12,113.84600067138672
2018-11-13,113.69599914550781
2018-11-14,113.78900146484375
2018-11-15,113.56400299072266
2018-11-16,113.55500030517578
2018-11-19,112.7300033569336
2018-11-20,112.44300079345703
2018-11-21,112.7030029296875
2018-11-22,113.02100372314453
2018-11-23,112.97799682617188
2018-11-26,112.91899871826172
2018-11-27,113.50399780273438
2018-11-28,113.76699829101562
2018-11-29,113.55500030517578
2018-11-30,113.41100311279297
2018-12-03,113.76300048828125
2018-12-04,113.58699798583984
2018-12-05,112.6989974975586
2018-12-06,113.0510025024414
2018-12-07,112.68900299072266
2018-12-10,112.50199890136719
2018-12-11,113.18099975585938
2018-12-12,113.38400268554688
2018-12-13,113.28500366210938
2018-12-14,113.55999755859375
2018-12-17,113.38999938964844
2018-12-18,112.8290023803711
2018-12-19,112.52400207519531
2018-12-20,112.41000366210938
2018-12-21,111.1709976196289
2018-12-24,111.05400085449219
2018-12-25,110.31099700927734
2018-12-26,110.4020004272461
2018-12-27,111.20600128173828
2018-12-28,110.8550033569336
2018-12-31,110.33000183105469
2019-01-01,109.62999725341797
2019-01-02,109.66799926757812
2019-01-03,107.44100189208984
2019-01-04,107.80799865722656
2019-01-07,108.52200317382812
2019-01-08,108.61599731445312
2019-01-09,108.7760009765625
2019-01-10,108.18900299072266
2019-01-11,108.2979965209961
2019-01-14,108.45800018310547
2019-01-15,108.25
2019-01-16,108.64399719238281
2019-01-17,109.03700256347656
2019-01-18,109.15299987792969
2019-01-21,109.66100311279297
2019-01-22,109.66999816894531
2019-01-23,109.3550033569336
2019-01-24,109.49199676513672
2019-01-25,109.59700012207031
2019-01-28,109.4000015258789
2019-01-29,109.25399780273438
2019-01-30,109.41699981689453
2019-01-31,108.98100280761719
2019-02-01,108.84400177001953
2019-02-04,109.43800354003906
2019-02-05,109.96099853515625
2019-02-06,109.94100189208984
2019-02-07,109.9739990234375
2019-02-08,109.75599670410156
2019-02-11,109.80999755859375
2019-02-12,110.4000015258789
2019-02-13,110.51499938964844
2019-02-14,110.9229965209961
2019-02-15,110.53800201416016
2019-02-18,110.56400299072266
2019-02-19,110.59100341796875
2019-02-20,110.5719985961914
2019-02-21,110.76499938964844
2019-02-22,110.70800018310547
2019-02-25,110.77200317382812
2019-02-26,111.0459976196289
2019-02-27,110.55599975585938
2019-02-28,110.86199951171875
2019-03-01,111.35700225830078
2019-03-04,111.93800354003906
2019-03-05,111.7770004272461
2019-03-06,111.86599731445312
2019-03-07,111.62300109863281
2019-03-08,111.63400268554688
2019-03-11,111.08000183105469
2019-03-12,111.34200286865234
2019-03-13,111.30599975585938
2019-03-14,111.19599914550781
2019-03-15,111.75299835205078
2019-03-18,111.56099700927734
2019-03-19,111.37300109863281
2019-03-20,111.4010009765625
2019-03-21,110.66000366210938
2019-03-22,110.80599975585938
2019-03-25,110.08100128173828
2019-03-26,110.06800079345703
2019-03-27,110.55400085449219
2019-03-28,110.48999786376953
2019-03-29,110.63700103759766
2019-04-01,110.99500274658203
2019-04-02,111.45099639892578
2019-04-03,111.30500030517578
2019-04-04,111.3949966430664
2019-04-05,111.65799713134766
2019-04-08,111.71099853515625
2019-04-09,111.45600128173828
2019-04-10,111.1050033569336
2019-04-11,110.98500061035156
2019-04-12,111.62100219726562
2019-04-15,112.02799987792969
2019-04-16,111.94300079345703
2019-04-17,111.99299621582031
2019-04-18,112.03600311279297
2019-04-19,111.98899841308594
2019-04-22,111.91000366210938
2019-04-23,111.92900085449219
2019-04-24,111.87699890136719
2019-04-25,112.12999725341797
2019-04-26,111.53900146484375
2019-04-29,111.59300231933594
2019-04-30,111.677001953125
2019-05-01,111.3949966430664
2019-05-02,111.4520034790039
2019-05-03,111.49500274658203
2019-05-06,110.62300109863281
2019-05-07,110.80500030517578
2019-05-08,110.25700378417969
2019-05-09,110.02799987792969
2019-05-10,109.80699920654297
2019-05-13,109.65399932861328
2019-05-14,109.15399932861328
2019-05-15,109.6709976196289
2019-05-16,109.4749984741211
2019-05-17,109.87100219726562
2019-05-20,110.16000366210938
2019-05-21,110.06999969482422
2019-05-23,110.22100067138672
2019-05-24,109.55799865722656
2019-05-27,109.4010009765625
2019-05-28,109.50900268554688
2019-05-29,109.34600067138672
2019-05-30,109.54199981689453
2019-05-31,109.35700225830078
2019-06-03,108.21199798583984
2019-06-04,108.0270004272461
2019-06-05,108.25399780273438
2019-06-06,108.3280029296875
2019-06-07,108.4540023803711
2019-06-10,108.4489974975586
2019-06-11,108.35900115966797
2019-06-12,108.4739990234375
2019-06-13,108.48799896240234
2019-06-14,108.32099914550781
2019-06-17,108.57599639892578
2019-06-18,108.53900146484375
2019-06-19,108.572998046875
2019-06-20,108.11499786376953
2019-06-21,107.2770004272461
2019-06-24,107.31199645996094
2019-06-25,107.3270034790039
2019-06-26,107.16600036621094
2019-06-27,107.73799896240234
2019-06-28,107.74700164794922
2019-07-01,108.38200378417969
2019-07-02,108.36599731445312
2019-07-03,107.80500030517578
2019-07-04,107.77899932861328
2019-07-05,107.80799865722656
2019-07-08,108.4739990234375
2019-07-09,108.72100067138672
2019-07-10,108.92400360107422
2019-07-11,108.33399963378906
2019-07-12,108.58799743652344
2019-07-15,107.83200073242188
2019-07-16,107.88899993896484
2019-07-17,108.20099639892578
2019-07-18,107.93699645996094
2019-07-19,107.4010009765625
2019-07-22,107.80999755859375
2019-07-23,107.90399932861328
2019-07-24,108.23200225830078
2019-07-25,108.18900299072266
2019-07-26,108.66600036621094
2019-07-29,108.63300323486328
2019-07-30,108.86599731445312
2019-07-31,108.56199645996094
2019-08-01,108.81999969482422
2019-08-02,107.43099975585938
2019-08-05,106.5770034790039
2019-08-06,105.59300231933594
2019-08-07,106.33699798583984
2019-08-08,106.12100219726562
2019-08-09,105.8740005493164
2019-08-12,105.38200378417969
2019-08-13,105.35800170898438
2019-08-14,106.58999633789062
2019-08-15,105.91600036621094
2019-08-16,106.08300018310547
2019-08-19,106.43000030517578
2019-08-20,106.5739974975586
2019-08-21,106.27400207519531
2019-08-22,106.59700012207031
2019-08-23,106.46800231933594
2019-08-26,104.85199737548828
2019-08-27,105.97799682617188
2019-08-28,105.73799896240234
2019-08-29,106.06999969482422
2019-08-30,106.43800354003906
2019-09-02,106.12799835205078
2019-09-03,106.19300079345703
2019-09-04,105.86100006103516
2019-09-05,106.32499694824219
2019-09-06,107.0719985961914
2019-09-09,106.94499969482422
2019-09-10,107.33699798583984
2019-09-11,107.5999984741211
2019-09-12,108.02100372314453
2019-09-13,108.1760025024414
2019-09-16,107.76499938964844
2019-09-17,108.16100311279297
2019-09-18,108.08699798583984
2019-09-19,108.42500305175781
2019-09-20,108.04100036621094
2019-09-23,107.6520004272461
2019-09-24,107.61399841308594
2019-09-25,107.16300201416016
2019-09-26,107.69200134277344
2019-09-27,107.75599670410156
2019-09-30,107.94400024414062
2019-10-01,108.06900024414062
2019-10-02,107.73699951171875
2019-10-03,107.16300201416016
2019-10-04,106.82599639892578
2019-10-07,106.76399993896484
2019-10-08,107.2509994506836
2019-10-09,106.96099853515625
2019-10-10,107.1780014038086
2019-10-11,107.87999725341797
2019-10-14,108.45899963378906
2019-10-15,108.38800048828125
2019-10-16,108.81700134277344
2019-10-17,108.677001953125
2019-10-18,108.58100128173828
2019-10-21,108.40799713134766
2019-10-22,108.60099792480469
2019-10-23,108.48300170898438
2019-10-24,108.64199829101562
2019-10-25,108.60600280761719
2019-10-28,108.73400115966797
2019-10-29,108.96399688720703
2019-10-30,108.8740005493164
2019-10-31,108.78900146484375
2019-11-01,107.99600219726562
2019-11-04,108.22000122070312
2019-11-05,108.69400024414062
2019-11-06,109.14600372314453
2019-11-07,108.91300201416016
2019-11-08,109.27400207519531
2019-11-11,109.22599792480469
2019-11-12,109.04199981689453
2019-11-13,108.99299621582031
2019-11-14,108.7979965209961
2019-11-15,108.49199676513672
2019-11-18,108.6989974975586
2019-11-19,108.66200256347656
2019-11-20,108.44499969482422
2019-11-21,108.47799682617188
2019-11-22,108.58499908447266
2019-11-25,108.7300033569336
2019-11-26,108.99199676513672
2019-11-27,109.09700012207031
2019-11-28,109.36699676513672
2019-11-29,109.51200103759766
2019-12-02,109.53500366210938
2019-12-03,109.02200317382812
2019-12-04,108.65299987792969
2019-12-05,108.83200073242188
2019-12-06,108.73799896240234
2019-12-09,108.62699890136719
2019-12-10,108.58200073242188
2019-12-11,108.76399993896484
2019-12-12,108.54900360107422
2019-12-13,109.41300201416016
2019-12-16,109.4000015258789
2019-12-17,109.57599639892578
2019-12-18,109.51599884033203
2019-12-19,109.5510025024414
2019-12-20,109.38300323486328
2019-12-23,109.4990005493164
2019-12-24,109.38200378417969
2019-12-25,109.38300323486328
2019-12-26,109.36900329589844
2019-12-27,109.54199981689453
2019-12-30,109.4280014038086
2019-12-31,108.87300109863281
2020-01-01,108.68099975585938
2020-01-02,108.71299743652344
2020-01-03,108.54299926757812
2020-01-06,107.96399688720703
2020-01-07,108.40599822998047
2020-01-08,108.01599884033203
2020-01-09,109.03099822998047
2020-01-10,109.50700378417969
2020-01-13,109.56600189208984
2020-01-14,109.99199676513672
2020-01-15,109.85399627685547
2020-01-16,109.88300323486328
2020-01-17,110.17500305175781
2020-01-20,110.18000030517578
2020-01-21,110.1729965209961
2020-01-22,109.90799713134766
2020-01-23,109.72799682617188
2020-01-24,109.552001953125
2020-01-27,108.802001953125
2020-01-28,108.91999816894531
2020-01-29,109.13200378417969
2020-01-30,108.98699951171875
2020-01-31,108.87699890136719
2020-02-03,108.37200164794922
2020-02-04,108.61199951171875
2020-02-05,109.4469985961914
2020-02-06,109.81400299072266
2020-02-07,109.96800231933594
2020-02-10,109.6449966430664
2020-02-11,109.76599884033203
2020-02-12,109.84300231933594
2020-02-13,109.84600067138672
2020-02-14,109.75800323486328
2020-02-17,109.79100036621094
2020-02-18,109.83000183105469
2020-02-19,109.91899871826172
2020-02-20,111.20999908447266
2020-02-21,111.9540023803711
2020-02-24,111.55699920654297
2020-02-25,110.85700225830078
2020-02-26,110.28600311279297
2020-02-27,110.36299896240234
2020-02-28,109.66000366210938
2020-03-02,107.6969985961914
2020-03-03,108.48699951171875
2020-03-04,107.03700256347656
2020-03-05,107.677001953125
2020-03-06,106.24800109863281
2020-03-09,103.93800354003906
2020-03-10,103.11199951171875
2020-03-11,105.0260009765625
2020-03-12,104.55000305175781
2020-03-13,104.61000061035156
2020-03-16,106.68800354003906
2020-03-17,106.17500305175781
2020-03-18,107.37699890136719
2020-03-19,108.36000061035156
2020-03-20,111.29100036621094
2020-03-23,110.46199798583984
2020-03-24,110.8270034790039
2020-03-25,111.12000274658203
2020-03-26,110.8759994506836
2020-03-27,109.10900115966797
2020-03-30,107.41300201416016
2020-03-31,108.03500366210938
2020-04-01,107.50800323486328
2020-04-02,107.25700378417969
2020-04-03,108.0009994506836
2020-04-06,108.69300079345703
2020-04-07,109.11499786376953
2020-04-08,108.6510009765625
2020-04-09,108.9219970703125
2020-04-10,108.56099700927734
2020-04-13,108.33599853515625
2020-04-14,107.62300109863281
2020-04-15,107.10399627685547
2020-04-16,107.60900115966797
2020-04-17,107.94499969482422
2020-04-20,107.66999816894531
2020-04-21,107.66899871826172
2020-04-22,107.72100067138672
2020-04-23,107.81300354003906
2020-04-24,107.66699981689453
2020-04-27,107.49500274658203
2020-04-28,107.28299713134766
2020-04-29,106.74099731445312
2020-04-30,106.61000061035156
2020-05-01,107.28500366210938
2020-05-04,106.73799896240234
2020-05-05,106.6969985961914
2020-05-06,106.4520034790039
2020-05-07,106.19100189208984
2020-05-08,106.35900115966797
2020-05-11,106.91899871826172
2020-05-12,107.56600189208984
2020-05-13,107.13800048828125
2020-05-14,106.93299865722656
2020-05-15,107.36499786376953
2020-05-18,107.20800018310547
2020-05-19,107.38099670410156
2020-05-20,107.80999755859375
2020-05-21,107.59100341796875
2020-05-22,107.63099670410156
2020-05-25,107.73500061035156
2020-05-26,107.68699645996094
2020-05-27,107.49099731445312
2020-05-28,107.7979965209961
2020-05-29,107.64299774169922
2020-06-01,107.70800018310547
2020-06-02,107.5479965209961
2020-06-03,108.80899810791016
2020-06-04,108.9990005493164
2020-06-05,109.1500015258789
2020-06-08,109.63400268554688
2020-06-09,108.40899658203125
2020-06-10,107.7969970703125
2020-06-11,106.98100280761719
2020-06-12,106.8030014038086
2020-06-15,107.31099700927734
2020-06-16,107.46399688720703
2020-06-17,107.41000366210938
2020-06-18,106.89399719238281
2020-06-19,107.00599670410156
2020-06-22,106.83100128173828
2020-06-23,106.90299987792969
2020-06-24,106.43199920654297
2020-06-25,107.04399871826172
2020-06-26,107.15499877929688
2020-06-29,107.21800231933594
2020-06-30,107.58999633789062
2020-07-01,107.98899841308594
2020-07-02,107.36599731445312
2020-07-03,107.49700164794922
2020-07-06,107.5790023803711
2020-07-07,107.35900115966797
2020-07-08,107.5780029296875
2020-07-09,107.28299713134766
2020-07-10,107.23600006103516
2020-07-13,106.91000366210938
2020-07-14,107.2760009765625
2020-07-15,107.24500274658203
2020-07-16,106.91699981689453
2020-07-17,107.27799987792969
2020-07-20,107.08999633789062
2020-07-21,107.19599914550781
2020-07-22,106.83200073242188
2020-07-23,107.17500305175781
2020-07-24,106.83799743652344
2020-07-27,105.99299621582031
2020-07-28,105.26100158691406
2020-07-29,105.10700225830078
2020-07-30,105.03199768066406
2020-07-31,104.68299865722656
2020-08-03,105.86599731445312
2020-08-04,106.02999877929688
2020-08-05,105.61399841308594
2020-08-06,105.5530014038086
2020-08-07,105.58100128173828
2020-08-10,105.8499984741211
2020-08-11,105.99199676513672
2020-08-12,106.52100372314453
2020-08-13,106.8219985961914
2020-08-14,106.98600006103516
2020-08-17,106.55400085449219
2020-08-18,105.99500274658203
2020-08-19,105.2239990234375
2020-08-20,106.0790023803711
2020-08-21,105.66500091552734
2020-08-24,105.87699890136719
2020-08-25,105.99299621582031
2020-08-26,106.40499877929688
2020-08-27,105.85600280761719
2020-08-28,106.63700103759766
2020-08-31,105.53500366210938
2020-09-01,106.00399780273438
2020-09-02,105.89600372314453
2020-09-03,106.20800018310547
2020-09-04,106.08599853515625
2020-09-07,106.31099700927734
2020-09-08,106.30500030517578
2020-09-09,105.96800231933594
2020-09-10,106.23100280761719
2020-09-11,106.14299774169922
2020-09-14,106.1449966430664
2020-09-15,105.71499633789062
2020-09-16,105.38099670410156
2020-09-17,105.06199645996094
2020-09-18,104.697998046875
2020-09-21,104.53700256347656
2020-09-22,104.69000244140625
2020-09-23,105.03399658203125
2020-09-24,105.30400085449219
2020-09-25,105.43499755859375
2020-09-28,105.5739974975586
2020-09-29,105.43299865722656
2020-09-30,105.66400146484375
2020-10-01,105.45099639892578
2020-10-02,105.54299926757812
2020-10-05,105.51000213623047
2020-10-06,105.70700073242188
2020-10-07,105.63999938964844
2020-10-08,105.96499633789062
2020-10-09,106.01799774169922
2020-10-12,105.63200378417969
2020-10-13,105.33899688720703
2020-10-14,105.47000122070312
2020-10-15,105.13899993896484
2020-10-16,105.36000061035156
2020-10-19,105.427001953125
2020-10-20,105.47000122070312
2020-10-21,105.47699737548828
2020-10-22,104.6760025024414
2020-10-23,104.9209976196289
2020-10-26,104.68299865722656
2020-10-27,104.83200073242188
2020-10-28,104.54499816894531
2020-10-29,104.31500244140625
2020-10-30,104.55400085449219
2020-11-02,104.58000183105469
2020-11-03,104.7249984741211
2020-11-04,104.5459976196289
2020-11-05,104.43800354003906
2020-11-06,103.60299682617188
2020-11-09,103.25299835205078
2020-11-10,105.13700103759766
2020-11-11,105.26000213623047
2020-11-12,105.41500091552734
2020-11-13,105.08999633789062
2020-11-16,104.6760025024414
2020-11-17,104.54100036621094
2020-11-18,104.18099975585938
2020-11-19,103.89399719238281
2020-11-20,103.82499694824219
2020-11-23,103.81700134277344
2020-11-24,104.5250015258789
2020-11-25,104.51300048828125
2020-11-26,104.4000015258789
2020-11-27,104.24199676513672
2020-11-30,104.08200073242188
2020-12-01,104.29900360107422
2020-12-02,104.30899810791016
2020-12-03,104.45800018310547
2020-12-04,103.822998046875
2020-12-07,104.197998046875
2020-12-08,103.99800109863281
2020-12-09,104.13500213623047
2020-12-10,104.27200317382812
2020-12-11,104.18199920654297
2020-12-14,103.93900299072266
2020-12-15,104.01000213623047
2020-12-16,103.63400268554688
2020-12-17,103.4749984741211
2020-12-18,103.13099670410156
2020-12-21,103.45700073242188
2020-12-22,103.33999633789062
2020-12-23,103.53399658203125
2020-12-24,103.552001953125
2020-12-25,103.65299987792969
2020-12-28,103.53299713134766
2020-12-29,103.68900299072266
2020-12-30,103.55899810791016
2020-12-31,103.12100219726562
2021-01-01,103.22599792480469
2021-01-04,103.23899841308594
2021-01-05,103.125
2021-01-06,102.6780014038086
2021-01-07,103.02400207519531
2021-01-08,103.79000091552734
2021-01-11,104.09100341796875
2021-01-12,104.12799835205078
2021-01-13,103.75199890136719
2021-01-14,103.83699798583984
2021-01-15,103.8280029296875
2021-01-18,103.90799713134766
2021-01-19,103.7030029296875
2021-01-20,103.89700317382812
2021-01-21,103.55500030517578
2021-01-22,103.50599670410156
2021-01-25,103.7770004272461
2021-01-26,103.76000213623047
2021-01-27,103.60299682617188
2021-01-28,104.14299774169922
2021-01-29,104.29100036621094
2021-02-01,104.68599700927734
2021-02-02,104.88099670410156
2021-02-03,105.02799987792969
2021-02-04,104.99500274658203
2021-02-05,105.5719985961914
2021-02-08,105.4000015258789
2021-02-09,105.20999908447266
2021-02-10,104.57499694824219
2021-02-11,104.61499786376953
2021-02-12,104.74099731445312
2021-02-15,105.05899810791016
2021-02-16,105.38700103759766
2021-02-17,106.10299682617188
2021-02-18,105.86100006103516
2021-02-19,105.6520004272461
2021-02-22,105.51399993896484
2021-02-23,104.98400115966797
2021-02-24,105.28299713134766
2021-02-25,105.94400024414062
2021-02-26,106.37899780273438
2021-03-01,106.50299835205078
2021-03-02,106.85099792480469
2021-03-03,106.75800323486328
2021-03-04,107.05799865722656
2021-03-05,107.95500183105469
2021-03-08,108.41899871826172
2021-03-09,108.93900299072266
2021-03-10,108.5770034790039
2021-03-11,108.43199920654297
2021-03-12,108.55500030517578
2021-03-15,109.11699676513672
2021-03-16,109.13400268554688
2021-03-17,109.02899932861328
2021-03-18,108.89099884033203
2021-03-19,108.93099975585938
2021-03-22,108.87100219726562
2021-03-23,108.7760009765625
2021-03-24,108.5199966430664
2021-03-25,108.79000091552734
2021-03-26,109.17900085449219
2021-03-29,109.79100036621094
2021-03-30,109.83599853515625
2021-03-31,110.30500030517578
2021-04-01,110.75
2021-04-02,110.61299896240234
2021-04-05,110.677001953125
2021-04-06,110.19300079345703
2021-04-07,109.79299926757812
2021-04-08,109.85199737548828
2021-04-09,109.33000183105469
2021-04-12,109.69400024414062
2021-04-13,109.3740005493164
2021-04-14,108.92400360107422
2021-04-15,108.89399719238281
2021-04-16,108.68900299072266
2021-04-19,108.71900177001953
2021-04-20,108.0979995727539
2021-04-21,108.13300323486328
2021-04-22,108.03900146484375
2021-04-23,107.97799682617188
2021-04-26,107.8740005493164
2021-04-27,108.2020034790039
2021-04-28,108.75
2021-04-29,108.50499725341797
2021-04-30,108.90399932861328
2021-05-03,109.28299713134766
2021-05-04,109.08699798583984
2021-05-05,109.3290023803711
2021-05-06,109.21900177001953
2021-05-07,109.05000305175781
2021-05-10,108.5719985961914
2021-05-11,108.84400177001953
2021-05-12,108.71499633789062
2021-05-13,109.66400146484375
2021-05-14,109.51599884033203
2021-05-17,109.41200256347656
2021-05-18,109.24199676513672
2021-05-19,108.86799621582031
2021-05-20,109.27300262451172
2021-05-21,108.86000061035156
2021-05-24,108.91899871826172
2021-05-25,108.85099792480469
2021-05-26,108.802001953125
2021-05-27,109.16999816894531
2021-05-28,109.80899810791016
2021-05-31,109.90699768066406
2021-06-01,109.49299621582031
2021-06-02,109.49299621582031
2021-06-03,109.59500122070312
2021-06-04,110.26599884033203
2021-06-07,109.61699676513672
2021-06-08,109.27400207519531
2021-06-09,109.46900177001953
2021-06-10,109.61000061035156
2021-06-11,109.40899658203125
2021-06-14,109.70899963378906
2021-06-15,110.04100036621094
2021-06-16,110.08399963378906
2021-06-17,110.7699966430664
2021-06-18,110.32499694824219
2021-06-21,110.20099639892578
2021-06-22,110.3740005493164
2021-06-23,110.65399932861328
2021-06-24,111.01200103759766
2021-06-25,110.9209976196289
2021-06-28,110.8219985961914
2021-06-29,110.60299682617188
2021-06-30,110.53500366210938
2021-07-01,111.1240005493164
2021-07-02,111.5719985961914
2021-07-05,111.13500213623047
2021-07-06,110.91600036621094
2021-07-07,110.60199737548828
2021-07-08,110.63500213623047
2021-07-09,109.8010025024414
2021-07-12,110.21499633789062
2021-07-13,110.32499694824219
2021-07-14,110.59500122070312
2021-07-15,109.98400115966797
2021-07-16,109.77799987792969
2021-07-19,109.8740005493164
2021-07-20,109.53399658203125
2021-07-21,109.91999816894531
2021-07-22,110.25499725341797
2021-07-23,110.13999938964844
2021-07-26,110.54399871826172
2021-07-27,110.302001953125
2021-07-28,109.80599975585938
2021-07-29,109.89099884033203
2021-07-30,109.40899658203125
2021-08-02,109.70600128173828
2021-08-03,109.26899719238281
2021-08-04,108.99099731445312
2021-08-05,109.52899932861328
2021-08-06,109.75199890136719
2021-08-09,110.25900268554688
2021-08-10,110.30599975585938
2021-08-11,110.5979995727539
2021-08-12,110.3740005493164
2021-08-13,110.40299987792969
2021-08-16,109.6240005493164
2021-08-17,109.2969970703125
2021-08-18,109.53700256347656
2021-08-19,109.84200286865234
2021-08-20,109.76799774169922
2021-08-23,109.83999633789062
2021-08-24,109.6780014038086
2021-08-25,109.7300033569336
2021-08-26,109.97599792480469
2021-08-27,110.0479965209961
2021-08-30,109.86499786376953
2021-08-31,109.94400024414062
2021-09-01,110.05599975585938
2021-09-02,110.09600067138672
2021-09-03,109.94499969482422
2021-09-06,109.76399993896484
2021-09-07,109.81999969482422
2021-09-08,110.2959976196289
2021-09-09,110.21800231933594
2021-09-10,109.78099822998047
2021-09-13,109.91500091552734
2021-09-14,109.99400329589844
2021-09-15,109.71900177001953
2021-09-16,109.38300323486328
2021-09-17,109.6989974975586
2021-09-20,109.97100067138672
2021-09-21,109.43699645996094
2021-09-22,109.14900207519531
2021-09-23,109.8219985961914
2021-09-24,110.32599639892578
2021-09-27,110.76399993896484
2021-09-28,110.96399688720703
2021-09-29,111.52799987792969
2021-09-30,111.93599700927734
2021-10-01,111.46099853515625
2021-10-04,110.9469985961914
2021-10-05,110.96800231933594
2021-10-06,111.48699951171875
2021-10-07,111.41300201416016
2021-10-08,111.66200256347656
2021-10-11,112.2699966430664
2021-10-12,113.38800048828125
2021-10-13,113.51899719238281
2021-10-14,113.3010025024414
2021-10-15,113.83399963378906
2021-10-18,114.3239974975586
2021-10-19,114.28500366210938
2021-10-20,114.54299926757812
2021-10-21,114.38899993896484
2021-10-22,113.8499984741211
2021-10-25,113.66400146484375
2021-10-26,113.76499938964844
2021-10-27,114.18800354003906
2021-10-28,113.7760009765625
2021-10-29,113.61599731445312
2021-11-01,114.23600006103516
2021-11-02,114.09400177001953
2021-11-03,113.96199798583984
2021-11-04,114.06999969482422
2021-11-05,113.83699798583984
2021-11-08,113.4749984741211
2021-11-09,113.25399780273438
2021-11-10,112.91200256347656
2021-11-11,113.90499877929688
2021-11-12,114.04299926757812
2021-11-15,113.98100280761719
2021-11-16,114.13200378417969
2021-11-17,114.90399932861328
2021-11-18,114.19000244140625
2021-11-19,114.28199768066406
2021-11-22,114.13800048828125
2021-11-23,114.79000091552734
2021-11-24,115.14099884033203
2021-11-25,115.40799713134766
2021-11-26,115.06900024414062
2021-11-29,113.71900177001953
2021-11-30,113.80400085449219
2021-12-01,113.29900360107422
2021-12-02,112.88200378417969
2021-12-03,113.02200317382812
2021-12-06,113.04199981689453
2021-12-07,113.45800018310547
2021-12-08,113.5250015258789
2021-12-09,113.68399810791016
2021-12-10,113.447998046875
2021-12-13,113.5009994506836
2021-12-14,113.5770034790039
2021-12-15,113.74299621582031
2021-12-16,114.13600158691406
2021-12-17,113.66300201416016
2021-12-20,113.51799774169922
2021-12-21,113.66200256347656
2021-12-22,113.99400329589844
2021-12-23,114.12100219726562
2021-12-24,114.45800018310547
2021-12-27,114.33300018310547
2021-12-28,114.79199981689453
2021-12-29,114.77300262451172
2021-12-30,114.947998046875
2021-12-31,115.06300354003906
